Transaction_ID,Transaction_Amount,Transaction_Type,Account_Age,Location_Mismatch,Device_Type,Previous_Fraud_History,Fraudulent_Transaction
1,2447.08,Withdrawal,13,0,Web,0,0
2,1888.86,Transfer,9,0,Mobile,0,0
3,4104.35,Transfer,7,0,Web,0,1
4,4242.56,Transfer,15,0,ATM,0,0
5,428.28,Withdrawal,19,0,Mobile,0,0
6,461.6,Purchase,19,0,Mobile,0,0
7,2308.35,Transfer,9,0,Web,0,0
8,3110.69,Purchase,15,1,ATM,0,1
9,4250.46,Withdrawal,1,0,ATM,0,0
10,326.74,Withdrawal,9,0,Mobile,0,0
11,2500.19,Purchase,6,0,ATM,0,0
12,1609.88,Withdrawal,15,0,Mobile,0,0
13,539.83,Withdrawal,14,0,Mobile,0,0
14,2218.75,Purchase,8,0,Web,0,0
15,4600.05,Transfer,9,1,Web,0,1
16,1560.35,Withdrawal,13,0,Web,0,0
17,3336.35,Withdrawal,4,0,Web,0,0
18,2357.67,Transfer,16,0,ATM,0,0
19,1154.64,Purchase,8,0,Web,0,0
20,85.65,Purchase,10,1,Web,0,0
21,2772.35,Purchase,5,0,Mobile,0,0
22,4981.56,Withdrawal,10,0,ATM,0,0
23,2638.32,Purchase,15,0,Mobile,0,0
24,3980.4,Transfer,2,1,Mobile,0,1
25,3689.6,Transfer,3,0,Mobile,0,1
26,2859.4,Withdrawal,15,0,ATM,0,0
27,4965.74,Withdrawal,14,1,ATM,0,1
28,4956.2,Transfer,11,0,Web,0,1
29,898.72,Transfer,3,0,Mobile,0,0
30,3377.86,Purchase,16,0,Mobile,0,1
31,93.82,Withdrawal,16,0,Mobile,1,1
32,1659.92,Withdrawal,3,0,Mobile,0,0
33,4469.36,Purchase,8,0,Web,0,0
34,3586.73,Transfer,13,0,Mobile,0,0
35,4664.54,Transfer,9,0,ATM,0,1
36,2517.17,Withdrawal,8,0,Web,0,0
37,4341.34,Withdrawal,10,0,ATM,0,0
38,3393.74,Withdrawal,14,1,ATM,0,0
39,2647.71,Purchase,7,0,Mobile,0,0
40,3545.21,Transfer,10,0,Mobile,0,0
41,4704.52,Purchase,4,0,ATM,0,1
42,4264.41,Purchase,19,0,ATM,0,0
43,4776.35,Purchase,1,0,ATM,0,0
44,4180.72,Withdrawal,5,0,Web,0,0
45,3576.41,Transfer,19,0,Web,0,0
46,4575.46,Purchase,2,0,ATM,0,0
47,1187.76,Transfer,17,0,Web,0,0
48,1363.45,Withdrawal,8,0,Mobile,0,0
49,4288.93,Transfer,9,0,Mobile,0,1
50,1385.25,Transfer,7,1,Mobile,0,1
51,2329.18,Purchase,12,1,Web,0,1
52,4025.61,Withdrawal,16,0,Mobile,0,0
53,4943.93,Purchase,19,0,ATM,0,0
54,3747.14,Withdrawal,9,1,Web,0,1
55,4006.12,Purchase,10,0,ATM,0,1
56,2496.22,Purchase,1,0,Mobile,0,0
57,425.26,Withdrawal,17,0,ATM,0,0
58,4350.67,Withdrawal,19,0,ATM,0,0
59,1863.49,Purchase,19,0,Web,0,0
60,3777.01,Transfer,5,0,ATM,0,0
61,1076.98,Purchase,2,0,Mobile,0,0
62,1258.83,Purchase,16,0,Mobile,0,0
63,3260.46,Purchase,7,0,ATM,0,0
64,2530.41,Withdrawal,2,0,ATM,0,0
65,3947.17,Purchase,17,0,Mobile,0,0
66,3537.79,Transfer,9,0,Web,0,1
67,3791.12,Transfer,4,0,ATM,0,0
68,2557.61,Purchase,13,0,Web,0,0
69,4782.55,Transfer,8,1,ATM,0,1
70,1493.76,Purchase,16,0,Web,0,0
71,614.01,Transfer,9,0,Web,1,1
72,3468.56,Transfer,19,0,Mobile,0,0
73,820.96,Transfer,10,0,Web,0,0
74,3786.91,Transfer,2,0,ATM,0,0
75,2499.2,Purchase,18,0,ATM,0,0
76,2126.5,Transfer,11,0,Web,1,1
77,3828.36,Purchase,3,0,Mobile,0,1
78,4443.54,Purchase,13,1,ATM,0,1
79,168.99,Withdrawal,19,1,Web,0,1
80,28.37,Purchase,2,0,Mobile,0,0
81,126.87,Withdrawal,15,0,ATM,0,0
82,2325.0,Purchase,1,0,ATM,0,0
83,1890.64,Transfer,12,1,Web,0,0
84,3089.55,Purchase,16,0,Web,0,1
85,2874.83,Purchase,5,0,ATM,0,0
86,2715.0,Purchase,5,0,ATM,0,0
87,3217.05,Withdrawal,4,0,Web,0,0
88,1920.22,Transfer,2,0,ATM,0,0
89,3833.12,Withdrawal,11,0,Web,0,1
90,3250.43,Withdrawal,19,0,Web,0,0
91,2964.91,Purchase,16,0,ATM,0,0
92,1858.54,Purchase,12,0,ATM,0,0
93,874.28,Transfer,10,0,Mobile,0,0
94,698.79,Purchase,15,0,Mobile,0,0
95,4433.94,Purchase,7,0,Web,0,1
96,2044.81,Purchase,7,0,Web,0,0
97,435.0,Transfer,9,0,Mobile,0,0
98,2615.78,Purchase,17,0,ATM,0,0
99,2656.51,Purchase,4,1,ATM,0,1
100,3508.86,Withdrawal,19,0,Mobile,0,1
101,1328.05,Purchase,15,0,ATM,0,0
102,1397.68,Purchase,17,0,Web,0,0
103,3657.76,Transfer,14,1,ATM,0,1
104,4192.51,Transfer,12,0,ATM,0,0
105,4856.79,Withdrawal,8,0,Web,1,1
106,4715.29,Purchase,18,0,ATM,0,0
107,2488.73,Transfer,10,1,Web,0,0
108,1885.14,Withdrawal,3,0,ATM,0,0
109,1466.68,Purchase,3,0,ATM,0,0
110,1117.3,Transfer,17,1,Web,0,0
111,4410.39,Withdrawal,1,0,Web,0,0
112,1262.28,Purchase,10,0,Mobile,0,0
113,293.13,Transfer,8,0,ATM,0,0
114,4047.56,Purchase,19,0,Web,0,1
115,4236.07,Withdrawal,14,1,Web,0,1
116,3731.07,Purchase,17,0,Web,0,0
117,2726.04,Transfer,14,0,Web,0,0
118,636.52,Purchase,17,1,Web,1,1
119,3684.33,Transfer,19,0,ATM,1,1
120,2053.04,Transfer,14,0,ATM,0,0
121,3261.52,Purchase,17,0,Web,0,0
122,3986.77,Withdrawal,17,0,Web,0,0
123,1575.18,Withdrawal,17,0,Web,0,0
124,4764.61,Transfer,6,0,Mobile,0,0
125,549.99,Purchase,18,0,ATM,1,1
126,775.31,Transfer,2,0,Web,0,0
127,3163.72,Transfer,12,1,ATM,0,0
128,4412.68,Withdrawal,12,0,Web,0,1
129,1920.55,Purchase,13,0,Mobile,0,0
130,2008.18,Purchase,11,0,Mobile,1,1
131,1741.97,Purchase,3,1,Web,0,0
132,3672.47,Transfer,14,0,Mobile,0,1
133,4219.95,Purchase,19,1,ATM,0,1
134,1947.08,Transfer,6,0,Mobile,1,1
135,4017.76,Transfer,5,1,Mobile,0,1
136,1327.18,Transfer,4,1,ATM,0,0
137,4652.72,Withdrawal,15,0,ATM,0,0
138,1117.35,Purchase,17,0,Web,0,0
139,1770.35,Purchase,2,0,Web,0,0
140,2542.6,Transfer,3,0,ATM,0,0
141,4838.42,Transfer,1,0,ATM,0,0
142,2270.19,Withdrawal,18,0,Mobile,0,0
143,787.54,Transfer,5,0,ATM,0,0
144,2008.33,Purchase,6,0,Web,0,0
145,685.41,Transfer,6,0,ATM,0,0
146,155.25,Withdrawal,5,1,ATM,0,0
147,3859.1,Withdrawal,2,0,Mobile,0,0
148,1199.34,Transfer,14,0,Web,0,0
149,2083.37,Transfer,17,0,Mobile,0,0
150,1309.23,Transfer,5,1,Web,0,1
151,4404.52,Withdrawal,5,0,Web,0,1
152,326.17,Withdrawal,5,0,ATM,0,0
153,183.59,Withdrawal,15,0,Mobile,0,0
154,1480.67,Withdrawal,5,0,Web,0,0
155,380.45,Transfer,16,0,ATM,0,0
156,2356.73,Transfer,1,1,Web,0,0
157,3623.5,Withdrawal,13,0,ATM,0,0
158,3333.98,Transfer,17,0,Mobile,0,0
159,2196.25,Purchase,16,0,Mobile,0,0
160,2861.32,Purchase,17,1,ATM,0,0
161,3613.11,Transfer,14,0,Web,0,0
162,2607.06,Transfer,12,0,Web,0,0
163,3861.24,Withdrawal,5,0,Web,1,0
164,1472.43,Purchase,5,0,ATM,0,0
165,4207.15,Purchase,12,1,Web,0,1
166,1199.37,Transfer,4,0,Web,0,0
167,690.33,Withdrawal,13,0,ATM,1,1
168,1232.9,Purchase,6,0,ATM,0,0
169,4791.99,Withdrawal,14,1,ATM,1,1
170,3606.05,Purchase,12,0,Mobile,0,0
171,1008.5,Withdrawal,16,0,Web,0,0
172,1156.45,Purchase,1,0,ATM,1,0
173,2687.65,Transfer,4,0,Mobile,0,0
174,1384.26,Transfer,11,0,ATM,0,0
175,2351.44,Transfer,1,0,Web,0,0
176,2346.64,Purchase,10,0,ATM,0,0
177,2804.06,Withdrawal,7,0,ATM,0,0
178,464.06,Purchase,7,0,Web,0,0
179,4514.95,Purchase,10,0,Mobile,0,0
180,1914.86,Withdrawal,1,0,Mobile,0,0
181,2033.99,Withdrawal,8,1,Mobile,1,1
182,4050.88,Transfer,4,0,Mobile,0,0
183,4570.5,Withdrawal,13,0,Web,0,1
184,260.13,Withdrawal,6,1,ATM,0,0
185,1597.29,Transfer,14,0,ATM,0,0
186,589.75,Withdrawal,13,1,Web,0,1
187,4900.26,Transfer,9,0,Web,0,0
188,1064.14,Withdrawal,15,0,Web,0,0
189,1644.62,Purchase,4,0,Mobile,0,0
190,2470.16,Withdrawal,14,1,ATM,0,0
191,459.14,Purchase,16,0,ATM,0,0
192,592.23,Transfer,2,0,Web,0,0
193,3262.42,Withdrawal,5,0,Web,0,0
194,1699.77,Withdrawal,17,0,Web,0,0
195,2391.81,Withdrawal,3,0,Web,0,0
196,1202.92,Purchase,6,0,Mobile,0,0
197,4520.49,Transfer,11,0,ATM,0,0
198,237.99,Purchase,6,1,ATM,0,1
199,2864.92,Withdrawal,16,0,ATM,0,0
200,3334.96,Transfer,6,1,Web,1,1
201,545.07,Withdrawal,7,0,Web,0,0
202,2962.61,Withdrawal,12,1,ATM,1,1
203,2728.02,Transfer,17,0,Web,0,0
204,4928.73,Withdrawal,13,1,Mobile,0,1
205,756.85,Withdrawal,13,0,Mobile,0,0
206,3373.56,Withdrawal,9,0,Web,0,0
207,2079.33,Withdrawal,14,0,ATM,0,0
208,3217.65,Purchase,7,0,ATM,0,0
209,4089.69,Transfer,8,0,ATM,0,1
210,2766.36,Transfer,5,0,Mobile,1,0
211,1446.36,Purchase,3,0,Mobile,0,0
212,4492.28,Transfer,2,0,Web,0,0
213,4765.55,Transfer,8,1,ATM,0,1
214,2221.08,Purchase,12,0,ATM,0,0
215,1765.99,Purchase,7,0,ATM,0,0
216,735.2,Transfer,14,0,ATM,0,0
217,3480.49,Withdrawal,4,0,ATM,0,0
218,4459.65,Transfer,11,0,Mobile,0,0
219,4235.95,Transfer,10,0,ATM,1,1
220,2179.42,Withdrawal,13,1,ATM,0,0
221,261.84,Withdrawal,14,0,Mobile,0,0
222,3622.56,Transfer,14,0,Mobile,0,1
223,177.09,Withdrawal,8,1,ATM,0,1
224,100.58,Withdrawal,6,0,Mobile,0,0
225,2613.91,Purchase,19,0,Mobile,0,0
226,2090.5,Withdrawal,10,0,Mobile,0,0
227,2521.26,Purchase,2,0,ATM,0,0
228,2245.96,Transfer,13,0,ATM,0,0
229,4098.21,Withdrawal,7,0,ATM,0,1
230,3371.23,Transfer,19,1,Web,0,1
231,4197.15,Purchase,4,1,ATM,0,1
232,2755.8,Withdrawal,8,1,ATM,0,1
233,2275.0,Purchase,16,0,ATM,0,0
234,3266.47,Transfer,16,0,ATM,0,0
235,2407.78,Purchase,19,0,Web,0,0
236,2626.49,Purchase,7,0,Web,0,0
237,3340.04,Withdrawal,10,1,Mobile,0,1
238,382.96,Purchase,18,0,ATM,0,0
239,1746.69,Withdrawal,3,0,Mobile,0,0
240,4840.51,Withdrawal,19,1,Web,0,1
241,2554.57,Transfer,1,0,Mobile,0,0
242,1841.85,Withdrawal,3,0,ATM,0,0
243,2414.73,Withdrawal,11,0,Mobile,0,0
244,4520.27,Withdrawal,1,0,Mobile,0,0
245,391.23,Withdrawal,8,0,ATM,1,1
246,4015.51,Purchase,12,1,Web,1,1
247,2714.54,Transfer,12,0,ATM,0,0
248,4408.93,Purchase,2,0,Web,0,0
249,2788.58,Purchase,18,0,ATM,0,0
250,4382.69,Withdrawal,13,0,Mobile,0,0
251,1689.97,Withdrawal,18,0,Mobile,0,0
252,1495.63,Withdrawal,17,0,ATM,0,0
253,4113.28,Transfer,15,1,Mobile,0,1
254,4534.6,Transfer,18,0,Web,0,1
255,1728.26,Withdrawal,1,0,Mobile,0,0
256,3971.33,Purchase,15,0,Web,0,0
257,1197.35,Transfer,19,0,Mobile,0,0
258,2366.22,Transfer,10,0,Web,0,0
259,891.69,Purchase,15,0,Web,0,0
260,846.72,Withdrawal,14,0,Mobile,1,0
261,1505.17,Transfer,18,1,Web,0,0
262,2288.9,Purchase,18,0,Web,0,0
263,4222.85,Withdrawal,13,0,Web,1,1
264,4971.9,Purchase,8,1,ATM,0,1
265,273.55,Purchase,6,0,ATM,0,0
266,2493.89,Transfer,18,0,Mobile,0,0
267,4355.02,Withdrawal,14,0,Mobile,0,0
268,1125.61,Transfer,16,0,Mobile,0,0
269,3902.88,Withdrawal,6,0,ATM,1,1
270,1714.78,Transfer,6,0,Mobile,1,1
271,4538.08,Withdrawal,19,0,Web,0,0
272,3812.15,Transfer,12,0,Web,1,1
273,3285.22,Transfer,18,1,ATM,0,1
274,3603.94,Purchase,6,0,ATM,0,0
275,3671.12,Purchase,11,0,Mobile,0,0
276,755.06,Transfer,15,0,Web,0,0
277,1948.72,Withdrawal,9,0,Web,0,0
278,1455.83,Purchase,3,0,Web,0,0
279,1122.57,Transfer,14,1,Web,0,1
280,4437.02,Transfer,4,0,Web,0,0
281,1906.59,Transfer,4,1,Mobile,0,0
282,4776.76,Transfer,6,0,ATM,0,1
283,4505.2,Purchase,8,1,Mobile,1,1
284,2320.82,Transfer,2,1,ATM,0,1
285,4976.47,Transfer,9,1,ATM,0,1
286,489.28,Purchase,16,0,Web,0,0
287,4974.17,Purchase,13,1,ATM,0,1
288,821.23,Transfer,2,1,ATM,0,0
289,3749.91,Withdrawal,17,0,ATM,1,1
290,668.02,Withdrawal,13,0,Web,0,0
291,2398.82,Withdrawal,14,0,ATM,0,0
292,4355.87,Withdrawal,4,1,ATM,0,1
293,4534.62,Transfer,5,0,ATM,0,0
294,1280.63,Purchase,2,0,Mobile,0,0
295,193.83,Transfer,5,1,Mobile,0,0
296,1555.55,Withdrawal,3,0,Mobile,0,0
297,968.54,Withdrawal,12,0,ATM,0,0
298,2802.07,Purchase,4,0,Mobile,0,0
299,577.03,Purchase,9,0,Web,0,0
300,3864.21,Transfer,10,0,ATM,0,0
301,147.58,Purchase,10,0,Mobile,1,0
302,1263.91,Withdrawal,2,0,Mobile,0,0
303,4812.09,Purchase,3,0,ATM,0,1
304,2797.31,Withdrawal,6,0,ATM,0,0
305,1408.93,Transfer,17,0,Mobile,0,0
306,208.87,Transfer,19,0,Mobile,0,0
307,3738.28,Withdrawal,17,0,ATM,0,0
308,600.97,Purchase,9,0,ATM,0,0
309,1703.92,Withdrawal,17,0,Web,0,0
310,2684.73,Withdrawal,13,0,ATM,0,0
311,3302.68,Purchase,18,1,Mobile,0,1
312,4609.78,Purchase,10,0,ATM,1,1
313,3361.43,Transfer,19,0,Mobile,0,0
314,1341.92,Purchase,3,0,ATM,0,0
315,2185.73,Withdrawal,18,0,Mobile,0,0
316,2109.32,Purchase,18,0,Mobile,0,0
317,433.64,Purchase,19,0,Web,0,0
318,3047.59,Transfer,15,0,Mobile,0,1
319,4754.11,Withdrawal,10,1,ATM,0,1
320,3626.85,Transfer,5,0,Mobile,0,0
321,2382.1,Purchase,8,0,Web,0,0
322,2428.29,Purchase,6,0,ATM,0,0
323,1210.37,Purchase,18,1,Mobile,0,0
324,4251.25,Purchase,14,0,Mobile,0,0
325,2507.11,Transfer,15,0,Mobile,1,1
326,3175.49,Withdrawal,8,0,ATM,0,0
327,1565.41,Withdrawal,1,0,Mobile,0,0
328,4762.23,Transfer,14,1,Web,0,1
329,3945.79,Purchase,16,0,Web,0,0
330,346.12,Purchase,1,1,Mobile,0,1
331,3182.41,Transfer,7,1,Mobile,0,1
332,3424.75,Transfer,6,0,Mobile,0,0
333,668.57,Withdrawal,11,0,ATM,0,0
334,4973.74,Purchase,10,0,Mobile,1,1
335,622.88,Transfer,14,1,Web,0,0
336,163.84,Withdrawal,18,0,Web,0,0
337,4718.84,Withdrawal,9,0,Web,0,0
338,2373.91,Withdrawal,6,0,Web,1,1
339,4579.4,Withdrawal,19,0,Web,0,0
340,1597.9,Purchase,17,1,Mobile,0,1
341,2896.11,Withdrawal,17,0,Web,0,0
342,3169.77,Transfer,14,0,Web,0,1
343,1895.83,Purchase,19,0,ATM,0,0
344,2294.95,Transfer,17,0,Web,0,0
345,1218.83,Transfer,18,0,ATM,1,1
346,25.61,Withdrawal,10,0,Mobile,1,1
347,2689.33,Purchase,2,0,ATM,0,0
348,1279.45,Withdrawal,17,1,ATM,1,1
349,634.17,Purchase,4,1,ATM,0,1
350,1902.35,Purchase,19,0,Web,0,0
351,4657.84,Withdrawal,5,0,ATM,0,0
352,1304.84,Withdrawal,12,0,ATM,0,0
353,2957.06,Transfer,14,0,Web,0,0
354,2052.45,Purchase,16,0,Web,0,0
355,660.82,Purchase,19,0,Mobile,0,0
356,662.17,Purchase,12,0,ATM,0,0
357,1570.51,Transfer,12,0,ATM,0,0
358,1490.91,Transfer,11,0,Mobile,0,0
359,3166.66,Transfer,15,0,Mobile,0,1
360,2974.66,Withdrawal,12,0,Mobile,0,0
361,724.12,Transfer,10,0,Web,0,0
362,2624.91,Transfer,18,0,Web,0,0
363,4128.2,Transfer,8,0,ATM,0,0
364,168.79,Withdrawal,5,0,Mobile,0,0
365,30.47,Purchase,12,0,Mobile,0,0
366,4511.64,Transfer,5,1,Web,0,1
367,2211.58,Purchase,11,0,Web,1,0
368,2803.79,Purchase,19,1,ATM,0,0
369,1349.35,Purchase,13,0,Mobile,0,0
370,3177.29,Purchase,10,1,ATM,0,1
371,1599.84,Transfer,3,1,Mobile,0,0
372,219.84,Purchase,18,0,ATM,0,0
373,2962.79,Withdrawal,9,0,Mobile,0,0
374,3012.69,Transfer,19,0,ATM,0,1
375,1597.26,Purchase,1,0,Web,0,0
376,3678.79,Transfer,7,0,Mobile,0,0
377,1094.09,Transfer,5,0,Mobile,1,1
378,1677.44,Withdrawal,16,0,Web,0,0
379,86.71,Withdrawal,6,0,Web,0,0
380,4530.99,Purchase,11,0,ATM,0,0
381,2219.34,Transfer,7,0,Mobile,0,0
382,3839.34,Withdrawal,3,0,ATM,0,0
383,4810.91,Withdrawal,14,0,Mobile,0,0
384,2217.74,Purchase,10,1,Web,0,1
385,4315.28,Withdrawal,9,0,Mobile,0,0
386,4651.65,Purchase,10,0,ATM,0,1
387,1007.92,Purchase,9,0,Web,0,0
388,248.72,Transfer,19,0,ATM,0,0
389,2132.68,Purchase,1,0,Web,1,0
390,2253.41,Purchase,8,0,ATM,0,0
391,3965.66,Purchase,7,0,Web,1,1
392,468.24,Transfer,17,0,Web,0,0
393,2068.66,Purchase,15,0,ATM,0,0
394,2939.34,Transfer,14,0,Mobile,0,0
395,2461.43,Purchase,13,0,Web,0,0
396,4850.18,Withdrawal,17,0,ATM,0,1
397,4060.2,Transfer,9,0,ATM,0,0
398,2784.79,Purchase,19,1,ATM,0,1
399,3949.8,Withdrawal,3,0,Mobile,0,0
400,1449.19,Transfer,7,0,Web,0,0
401,1710.88,Withdrawal,18,0,ATM,0,0
402,3951.61,Transfer,5,0,ATM,1,1
403,2623.75,Withdrawal,7,0,ATM,0,0
404,3561.25,Transfer,6,0,Mobile,0,0
405,2327.73,Purchase,7,0,Mobile,1,1
406,98.33,Transfer,8,0,Web,1,1
407,4585.22,Transfer,7,0,Web,0,0
408,1627.54,Purchase,9,0,Mobile,0,0
409,2980.34,Purchase,10,0,Mobile,0,0
410,2876.65,Transfer,5,1,Mobile,0,0
411,3128.58,Transfer,17,0,Web,0,0
412,1952.34,Withdrawal,15,0,ATM,0,0
413,2172.65,Purchase,19,0,ATM,0,0
414,4092.7,Withdrawal,12,0,ATM,0,1
415,790.26,Withdrawal,13,0,Mobile,0,0
416,4772.23,Purchase,11,0,Web,1,0
417,443.38,Purchase,13,0,Mobile,0,0
418,2988.79,Transfer,12,0,ATM,0,0
419,4987.75,Transfer,14,0,ATM,0,0
420,24.05,Purchase,7,0,Mobile,0,0
421,2173.46,Withdrawal,8,0,Mobile,0,0
422,1364.14,Withdrawal,1,0,Mobile,0,0
423,1259.21,Purchase,16,0,ATM,1,0
424,1871.98,Transfer,5,0,Mobile,0,0
425,4799.61,Purchase,9,1,ATM,0,0
426,3244.22,Purchase,4,0,Web,0,0
427,3838.95,Transfer,8,1,ATM,0,1
428,4014.63,Transfer,17,0,ATM,0,1
429,4143.59,Purchase,6,1,Mobile,0,1
430,3911.54,Withdrawal,2,0,Mobile,0,0
431,3520.25,Withdrawal,11,1,Mobile,1,1
432,4355.44,Purchase,8,0,Web,0,1
433,759.2,Withdrawal,8,0,ATM,0,0
434,846.24,Withdrawal,4,0,Web,0,0
435,4016.91,Withdrawal,5,0,ATM,0,1
436,2824.92,Purchase,12,0,Web,0,0
437,3614.81,Transfer,12,0,ATM,0,0
438,462.65,Withdrawal,13,0,Web,0,0
439,1786.56,Transfer,14,0,Mobile,0,0
440,2347.42,Transfer,15,0,Web,0,0
441,810.16,Transfer,16,1,ATM,0,0
442,1029.9,Purchase,19,0,Mobile,0,0
443,847.44,Transfer,10,0,ATM,0,0
444,3792.33,Transfer,3,0,Web,0,0
445,570.99,Purchase,10,0,ATM,0,0
446,2876.6,Transfer,16,1,Web,0,1
447,484.16,Purchase,14,0,ATM,1,1
448,937.59,Withdrawal,2,0,Web,0,0
449,4873.0,Withdrawal,4,0,Web,0,1
450,907.34,Transfer,10,0,ATM,1,1
451,719.29,Transfer,17,0,Web,0,0
452,4310.5,Withdrawal,14,0,ATM,0,0
453,3397.63,Withdrawal,16,0,Mobile,0,1
454,2262.5,Purchase,11,0,ATM,0,0
455,4711.28,Withdrawal,8,0,Web,0,0
456,1185.46,Withdrawal,5,0,Web,0,0
457,4399.84,Purchase,3,0,ATM,0,0
458,3211.03,Withdrawal,13,0,Mobile,0,0
459,696.72,Transfer,5,1,Web,0,0
460,3451.32,Withdrawal,2,1,Web,0,1
461,1027.66,Withdrawal,13,0,Web,0,0
462,3963.45,Withdrawal,15,1,ATM,0,1
463,391.22,Purchase,14,0,ATM,0,0
464,1141.4,Purchase,13,0,ATM,0,0
465,3998.09,Transfer,1,0,Web,0,0
466,2483.03,Transfer,7,0,Web,0,0
467,4554.17,Withdrawal,3,0,ATM,0,0
468,3895.33,Purchase,5,1,Web,0,1
469,305.32,Purchase,16,0,ATM,0,0
470,3403.45,Transfer,15,0,Web,0,0
471,3256.08,Purchase,8,0,Web,0,0
472,4261.27,Withdrawal,7,0,Web,0,1
473,3911.37,Purchase,8,0,Web,0,0
474,374.59,Purchase,3,0,Web,0,0
475,1120.38,Transfer,13,0,Web,0,0
476,4232.08,Withdrawal,15,0,Mobile,0,0
477,4174.66,Withdrawal,12,0,Web,0,1
478,1427.26,Purchase,6,0,Web,0,0
479,586.85,Transfer,6,0,ATM,0,0
480,673.48,Transfer,4,0,Mobile,0,0
481,3476.53,Transfer,17,0,Mobile,0,0
482,254.51,Purchase,4,0,Mobile,0,0
483,4022.43,Purchase,3,0,Web,0,0
484,2048.69,Transfer,17,0,Mobile,0,0
485,820.07,Transfer,18,0,Web,0,0
486,1718.36,Purchase,9,0,ATM,1,1
487,4208.8,Purchase,13,0,Web,0,0
488,1694.13,Withdrawal,9,0,ATM,0,0
489,944.11,Purchase,6,1,Mobile,0,0
490,3249.35,Purchase,18,0,ATM,0,1
491,1979.86,Purchase,8,0,Mobile,0,0
492,3553.21,Withdrawal,1,0,Web,0,0
493,471.8,Transfer,16,0,ATM,0,0
494,3168.38,Withdrawal,7,0,Mobile,0,0
495,2056.01,Transfer,13,0,ATM,0,0
496,3402.05,Transfer,19,0,Mobile,0,0
497,108.04,Transfer,3,0,Mobile,0,0
498,3535.63,Purchase,7,0,Mobile,0,1
499,38.53,Transfer,3,0,Web,0,0
500,2496.61,Withdrawal,4,1,Mobile,0,0
501,4221.04,Transfer,9,0,Web,0,0
502,2771.83,Transfer,5,0,ATM,0,0
503,2749.76,Transfer,5,0,ATM,1,1
504,68.14,Transfer,4,1,ATM,0,0
505,2290.66,Withdrawal,9,0,Web,0,0
506,2713.87,Withdrawal,13,0,Web,1,1
507,1896.95,Transfer,17,0,Web,0,0
508,1689.76,Purchase,19,0,ATM,1,0
509,4116.55,Transfer,15,0,ATM,0,0
510,4613.49,Purchase,2,0,ATM,0,0
511,719.75,Purchase,19,1,Mobile,0,0
512,459.88,Transfer,11,0,ATM,0,0
513,227.67,Transfer,11,0,ATM,0,0
514,3804.9,Transfer,11,0,ATM,0,0
515,3889.92,Withdrawal,3,0,Mobile,0,1
516,4742.86,Withdrawal,8,0,Mobile,0,0
517,1148.45,Transfer,6,0,ATM,0,0
518,214.26,Withdrawal,2,1,ATM,0,1
519,1180.13,Withdrawal,3,0,Mobile,0,0
520,2116.94,Withdrawal,14,0,Web,0,0
521,389.99,Withdrawal,15,1,Mobile,0,1
522,1140.13,Transfer,14,0,Web,0,0
523,3211.32,Withdrawal,16,0,Web,0,0
524,3346.39,Purchase,8,0,Web,0,1
525,4757.81,Withdrawal,10,0,Web,0,0
526,1788.9,Transfer,16,0,Mobile,0,0
527,4120.32,Transfer,18,0,Web,0,0
528,1130.06,Transfer,19,0,Web,0,0
529,392.71,Transfer,9,0,Web,0,0
530,51.69,Purchase,16,1,Mobile,0,1
531,4018.86,Withdrawal,1,0,ATM,0,0
532,3103.45,Purchase,11,0,Mobile,0,0
533,3759.69,Purchase,3,0,ATM,0,0
534,4621.91,Transfer,6,0,Mobile,0,0
535,4023.75,Purchase,4,0,Mobile,0,0
536,477.58,Transfer,18,0,Mobile,0,0
537,800.23,Transfer,16,0,Web,1,1
538,2171.07,Withdrawal,13,0,Mobile,0,0
539,1919.0,Transfer,8,0,Mobile,0,0
540,3992.68,Purchase,5,1,Mobile,0,1
541,807.15,Withdrawal,4,0,ATM,0,0
542,4225.72,Purchase,18,0,ATM,0,1
543,3100.0,Withdrawal,14,0,Mobile,0,0
544,4455.94,Transfer,5,0,ATM,0,0
545,3841.91,Transfer,15,0,ATM,0,1
546,2457.41,Transfer,12,1,Mobile,0,0
547,1925.28,Transfer,13,0,ATM,0,0
548,3363.49,Transfer,4,1,Web,0,1
549,269.45,Transfer,5,0,Mobile,0,0
550,3155.17,Purchase,14,0,ATM,0,1
551,695.13,Withdrawal,13,0,ATM,0,0
552,2037.93,Transfer,12,0,Web,0,0
553,4561.96,Purchase,19,1,Mobile,0,1
554,4547.94,Withdrawal,6,0,Web,0,0
555,4174.11,Withdrawal,5,0,Mobile,0,0
556,3224.51,Purchase,9,0,ATM,0,1
557,3257.09,Withdrawal,19,1,ATM,0,1
558,799.29,Transfer,6,0,ATM,0,0
559,2512.79,Transfer,2,0,Web,0,0
560,302.28,Withdrawal,10,1,Mobile,0,0
561,1747.33,Withdrawal,6,0,Mobile,1,1
562,2601.06,Withdrawal,14,0,Mobile,0,0
563,2643.58,Purchase,13,0,ATM,0,0
564,3818.69,Withdrawal,8,0,Mobile,0,0
565,1746.83,Transfer,8,0,Web,0,0
566,362.05,Withdrawal,13,0,Web,0,0
567,2160.3,Withdrawal,12,0,Web,0,0
568,3084.09,Purchase,7,0,Web,0,0
569,2636.08,Purchase,14,0,Mobile,0,0
570,3697.3,Purchase,13,0,Mobile,1,1
571,1156.73,Purchase,12,0,Web,0,0
572,4000.64,Transfer,9,1,Mobile,0,1
573,897.77,Transfer,15,0,Mobile,0,0
574,3170.65,Withdrawal,10,1,Web,0,1
575,4122.3,Transfer,14,0,ATM,0,0
576,3046.34,Purchase,14,0,ATM,0,1
577,3200.3,Withdrawal,2,1,Mobile,0,1
578,2529.28,Purchase,3,1,Mobile,0,0
579,4931.01,Withdrawal,15,0,Mobile,0,0
580,3844.84,Withdrawal,1,0,Web,0,1
581,2187.35,Withdrawal,6,0,ATM,0,0
582,3052.52,Withdrawal,11,1,Mobile,0,1
583,2673.35,Purchase,10,0,ATM,0,0
584,871.01,Withdrawal,16,0,Mobile,0,0
585,632.44,Withdrawal,18,1,ATM,0,0
586,1972.34,Withdrawal,9,1,ATM,0,0
587,773.48,Transfer,8,1,Mobile,0,1
588,467.05,Transfer,12,0,Web,0,0
589,4311.95,Purchase,8,0,Web,0,0
590,3113.84,Purchase,10,0,Web,0,1
591,4668.8,Withdrawal,15,0,Web,0,1
592,2972.37,Transfer,19,0,Mobile,1,1
593,1024.6,Withdrawal,14,0,Web,0,0
594,579.81,Transfer,19,0,Web,0,0
595,1471.46,Withdrawal,12,0,ATM,0,0
596,4113.15,Purchase,16,1,ATM,0,0
597,1258.29,Transfer,9,1,ATM,1,1
598,1195.22,Transfer,5,0,Mobile,0,0
599,4286.61,Transfer,5,0,Web,0,1
600,267.54,Purchase,2,0,Web,0,0
601,266.89,Withdrawal,11,0,ATM,1,1
602,2524.41,Transfer,8,0,Web,0,0
603,1764.41,Purchase,9,0,ATM,1,1
604,1164.81,Transfer,4,0,Web,0,0
605,1019.29,Transfer,14,0,ATM,0,0
606,530.07,Transfer,2,0,ATM,0,0
607,3024.21,Purchase,2,0,Web,0,0
608,4410.26,Transfer,5,0,Web,0,0
609,3600.18,Transfer,2,1,ATM,0,0
610,2408.57,Transfer,14,0,Web,1,0
611,4954.22,Withdrawal,18,0,Mobile,1,1
612,2729.93,Withdrawal,17,0,Web,0,0
613,632.64,Withdrawal,18,0,Web,0,0
614,3416.54,Transfer,18,1,Web,0,0
615,4602.17,Transfer,3,0,Web,0,0
616,3967.32,Purchase,8,0,Mobile,0,0
617,3669.27,Withdrawal,18,0,ATM,1,1
618,4359.65,Transfer,9,0,ATM,0,1
619,574.92,Transfer,13,0,Web,1,0
620,2204.35,Transfer,13,0,ATM,0,0
621,3485.92,Purchase,17,0,Web,0,0
622,1059.75,Withdrawal,7,0,Web,0,0
623,1645.88,Purchase,9,1,ATM,0,1
624,2521.66,Purchase,3,0,Web,0,0
625,2617.95,Transfer,5,0,Web,0,0
626,2372.69,Transfer,10,0,ATM,0,0
627,3670.76,Withdrawal,8,1,ATM,0,1
628,3220.17,Withdrawal,14,1,Mobile,0,0
629,2226.22,Withdrawal,8,1,Mobile,1,1
630,4297.93,Purchase,6,0,Mobile,0,0
631,1882.27,Withdrawal,9,0,Mobile,0,0
632,4642.92,Purchase,16,0,ATM,0,1
633,931.42,Transfer,7,0,Web,1,1
634,2210.09,Transfer,2,1,Mobile,0,1
635,1613.17,Purchase,18,0,Web,0,0
636,2715.01,Transfer,3,1,Web,1,1
637,1598.8,Purchase,3,0,ATM,0,0
638,641.78,Purchase,17,0,Mobile,0,0
639,1563.57,Purchase,5,0,Web,0,0
640,4428.23,Purchase,12,0,ATM,0,1
641,3906.16,Transfer,15,0,Web,0,0
642,975.53,Withdrawal,3,0,ATM,0,0
643,4048.49,Purchase,4,0,ATM,0,0
644,3489.96,Withdrawal,18,0,Mobile,0,1
645,4189.66,Transfer,16,0,Mobile,0,1
646,2126.89,Purchase,5,1,Mobile,0,1
647,4116.85,Transfer,7,0,ATM,1,1
648,4335.73,Transfer,9,0,Mobile,0,0
649,801.28,Purchase,8,1,Web,0,1
650,1958.26,Withdrawal,2,1,Mobile,0,1
651,1412.82,Transfer,14,0,Web,0,0
652,3534.21,Purchase,12,1,ATM,0,1
653,3267.58,Transfer,15,0,Web,0,1
654,903.91,Withdrawal,15,0,Web,0,0
655,4706.09,Withdrawal,10,0,ATM,0,0
656,1800.98,Purchase,11,1,Web,0,0
657,537.29,Purchase,9,0,Mobile,0,0
658,497.96,Withdrawal,14,0,ATM,0,0
659,3915.82,Transfer,9,0,Web,0,0
660,2831.68,Transfer,1,0,Web,1,0
661,2540.15,Transfer,17,1,Mobile,0,0
662,3087.45,Purchase,15,0,ATM,0,1
663,1117.97,Withdrawal,4,0,Web,0,0
664,602.43,Purchase,2,0,ATM,0,0
665,256.74,Transfer,13,1,ATM,0,0
666,3631.15,Withdrawal,2,0,ATM,0,0
667,3421.78,Purchase,17,0,ATM,0,0
668,731.65,Withdrawal,7,0,ATM,0,0
669,566.52,Purchase,10,1,Web,0,0
670,4094.37,Transfer,15,1,Mobile,0,0
671,4928.86,Purchase,18,1,Web,0,1
672,2501.48,Transfer,2,1,Web,1,1
673,2095.25,Purchase,15,0,ATM,0,0
674,1669.66,Purchase,18,0,ATM,0,0
675,1489.86,Transfer,7,0,Web,0,0
676,2461.92,Purchase,15,1,Web,0,1
677,756.46,Purchase,1,1,ATM,0,0
678,3422.34,Withdrawal,19,1,Mobile,0,0
679,4218.96,Transfer,19,0,Mobile,0,0
680,2857.3,Purchase,15,0,Mobile,0,0
681,185.85,Transfer,4,0,Mobile,0,0
682,4961.18,Withdrawal,7,0,Mobile,0,0
683,3628.26,Withdrawal,11,0,ATM,0,0
684,3977.65,Transfer,8,0,Mobile,0,0
685,859.47,Purchase,14,1,Web,0,1
686,2531.27,Withdrawal,14,1,Web,0,0
687,2091.43,Withdrawal,18,0,ATM,0,0
688,3815.7,Withdrawal,11,0,Web,1,1
689,3867.8,Withdrawal,8,0,Web,0,1
690,2688.77,Transfer,4,0,ATM,0,0
691,725.88,Purchase,13,0,ATM,0,0
692,1434.3,Purchase,12,1,Web,0,0
693,4439.26,Transfer,8,0,Mobile,0,0
694,3898.96,Transfer,2,0,ATM,0,0
695,768.86,Transfer,18,0,ATM,0,0
696,4353.36,Withdrawal,1,0,ATM,0,0
697,1096.15,Withdrawal,1,0,Mobile,1,0
698,2654.67,Transfer,4,0,ATM,0,0
699,3397.85,Withdrawal,8,0,Mobile,0,1
700,3512.85,Transfer,16,0,Mobile,0,0
701,4803.53,Purchase,19,0,Web,0,0
702,1649.67,Withdrawal,5,0,Web,0,0
703,4293.28,Purchase,6,0,Mobile,0,0
704,4396.81,Purchase,8,0,Mobile,0,0
705,3971.28,Transfer,15,0,ATM,0,1
706,4325.73,Purchase,9,0,Mobile,0,0
707,2347.85,Transfer,10,0,ATM,0,0
708,1814.92,Transfer,15,1,Web,0,1
709,3548.55,Purchase,8,0,Mobile,0,1
710,3357.36,Withdrawal,5,0,Mobile,0,0
711,1921.03,Purchase,3,1,ATM,0,1
712,1997.87,Withdrawal,12,0,Mobile,0,0
713,2610.61,Withdrawal,13,0,Web,0,0
714,2959.14,Withdrawal,3,0,Web,0,0
715,1948.48,Transfer,4,0,ATM,0,0
716,3165.94,Purchase,7,0,Mobile,0,0
717,3727.56,Purchase,17,0,Mobile,0,1
718,903.3,Withdrawal,13,0,Mobile,0,0
719,1517.8,Transfer,16,0,ATM,0,0
720,4202.67,Withdrawal,19,0,Mobile,0,0
721,867.85,Transfer,9,0,Mobile,0,0
722,3838.25,Transfer,17,0,ATM,0,0
723,4936.33,Withdrawal,12,0,Mobile,0,0
724,1604.17,Transfer,14,0,ATM,0,0
725,1752.94,Purchase,13,1,Mobile,0,0
726,3939.42,Purchase,4,1,ATM,1,1
727,4859.54,Transfer,6,0,Web,0,0
728,4196.93,Withdrawal,13,0,Web,1,1
729,3792.66,Purchase,4,1,Mobile,0,0
730,2185.26,Purchase,9,0,ATM,0,0
731,355.77,Purchase,18,1,ATM,0,0
732,4881.79,Purchase,9,1,Web,0,1
733,3125.56,Transfer,3,0,Mobile,1,1
734,859.06,Withdrawal,1,0,ATM,0,0
735,555.4,Transfer,17,0,ATM,0,0
736,2081.94,Transfer,18,0,Web,0,0
737,3697.84,Withdrawal,13,0,ATM,0,0
738,3463.01,Withdrawal,10,0,Web,0,0
739,4168.57,Transfer,10,0,Web,0,1
740,2203.06,Withdrawal,11,0,Mobile,0,0
741,3000.99,Purchase,11,0,Mobile,0,0
742,44.65,Withdrawal,5,0,Web,1,0
743,2500.76,Purchase,18,1,Mobile,0,1
744,2623.02,Withdrawal,13,0,Web,0,0
745,2488.65,Purchase,2,1,Mobile,0,1
746,2669.38,Withdrawal,17,0,ATM,0,0
747,1856.69,Withdrawal,7,0,Web,0,0
748,3472.07,Purchase,17,1,Mobile,0,1
749,1701.4,Withdrawal,16,0,Mobile,0,0
750,4998.17,Withdrawal,4,0,ATM,0,1
751,3675.17,Withdrawal,7,0,Mobile,0,0
752,3344.35,Withdrawal,2,0,Mobile,0,0
753,4051.74,Withdrawal,19,0,Mobile,0,0
754,3707.42,Withdrawal,11,0,Web,0,0
755,221.04,Transfer,6,1,Web,0,0
756,3127.94,Transfer,12,1,Web,0,1
757,4443.63,Purchase,2,0,Mobile,0,1
758,4757.33,Purchase,9,0,ATM,0,0
759,2025.94,Purchase,11,1,ATM,0,0
760,956.58,Withdrawal,15,1,Mobile,0,1
761,4022.99,Transfer,1,1,Mobile,0,1
762,140.02,Purchase,1,0,Mobile,0,0
763,887.74,Purchase,1,0,ATM,0,0
764,3632.0,Transfer,1,0,Mobile,0,1
765,511.14,Transfer,13,0,Mobile,1,0
766,845.48,Transfer,7,0,Web,0,0
767,3351.69,Withdrawal,8,1,Web,0,0
768,2310.22,Transfer,9,0,ATM,0,0
769,1225.7,Transfer,10,0,Mobile,0,0
770,4783.6,Purchase,18,0,ATM,0,1
771,2769.62,Withdrawal,5,0,Mobile,0,0
772,3455.02,Withdrawal,3,0,Web,0,1
773,4893.41,Withdrawal,3,0,ATM,0,1
774,579.79,Purchase,8,0,ATM,1,1
775,4105.11,Withdrawal,17,0,ATM,0,0
776,4436.46,Withdrawal,18,0,ATM,0,0
777,4489.86,Purchase,14,1,ATM,0,0
778,488.74,Purchase,17,0,Web,0,0
779,4182.92,Withdrawal,15,0,Mobile,0,0
780,147.18,Withdrawal,11,0,Mobile,0,0
781,2494.12,Purchase,19,0,Web,0,0
782,4343.31,Withdrawal,4,0,ATM,0,0
783,3050.11,Transfer,8,0,Web,0,1
784,4582.58,Transfer,7,0,ATM,0,0
785,3053.17,Transfer,7,0,Mobile,0,1
786,4330.7,Transfer,6,0,Web,0,0
787,2561.37,Withdrawal,16,0,Web,0,0
788,2110.27,Withdrawal,2,1,Web,0,1
789,4254.16,Transfer,16,0,ATM,0,1
790,862.13,Purchase,7,0,ATM,1,0
791,4634.61,Purchase,5,0,Mobile,0,0
792,202.38,Purchase,5,0,Web,0,0
793,3068.65,Purchase,2,0,Web,0,1
794,3038.22,Purchase,15,1,Mobile,0,0
795,4042.74,Purchase,3,0,Web,0,0
796,1911.95,Purchase,5,0,Web,0,0
797,3798.36,Purchase,14,1,Web,0,1
798,2392.77,Purchase,14,0,Mobile,0,0
799,766.96,Withdrawal,11,0,ATM,0,0
800,4639.53,Withdrawal,6,0,Mobile,1,0
801,4884.01,Withdrawal,10,0,ATM,0,0
802,2292.93,Transfer,17,0,ATM,0,0
803,4570.44,Purchase,3,0,ATM,0,0
804,3295.33,Transfer,16,1,Mobile,0,1
805,3001.56,Transfer,3,1,Mobile,0,1
806,2040.2,Withdrawal,6,1,Web,1,1
807,919.12,Purchase,15,0,ATM,1,1
808,1958.73,Purchase,3,1,Web,0,1
809,439.97,Purchase,11,0,Web,0,0
810,1210.32,Purchase,16,1,Web,0,1
811,4768.53,Transfer,7,0,Mobile,0,1
812,4595.46,Purchase,5,0,ATM,0,1
813,168.91,Withdrawal,7,0,Web,0,0
814,4039.55,Withdrawal,3,0,ATM,0,0
815,491.88,Withdrawal,13,0,Mobile,0,0
816,3642.74,Transfer,16,1,ATM,0,1
817,260.25,Transfer,8,0,Mobile,0,0
818,1174.94,Withdrawal,14,0,Web,0,0
819,1915.57,Purchase,2,1,ATM,1,1
820,4215.52,Purchase,17,0,ATM,0,0
821,2408.57,Purchase,14,0,ATM,0,0
822,3903.36,Withdrawal,3,0,ATM,0,0
823,4340.79,Purchase,6,0,ATM,0,1
824,3172.64,Purchase,16,0,ATM,0,0
825,747.26,Transfer,6,0,Web,0,0
826,1915.01,Purchase,1,1,Mobile,0,0
827,3598.0,Withdrawal,18,0,ATM,0,1
828,1522.9,Purchase,19,0,Mobile,1,1
829,3497.15,Transfer,15,0,ATM,0,1
830,4919.18,Purchase,9,0,Mobile,0,0
831,575.5,Transfer,18,1,Mobile,0,1
832,3494.52,Purchase,17,0,ATM,0,0
833,4614.22,Purchase,19,0,Mobile,0,1
834,2992.97,Withdrawal,4,0,Mobile,0,0
835,848.26,Withdrawal,17,0,Web,0,0
836,2194.54,Transfer,18,0,Mobile,1,1
837,1065.58,Purchase,4,0,ATM,0,0
838,2026.56,Withdrawal,13,0,ATM,0,0
839,4137.83,Withdrawal,13,0,ATM,0,1
840,1651.25,Withdrawal,9,1,Mobile,0,0
841,4424.34,Transfer,4,0,Mobile,0,1
842,3564.06,Transfer,8,1,ATM,0,1
843,1086.49,Transfer,17,0,Mobile,0,0
844,1627.78,Withdrawal,2,0,ATM,0,0
845,3491.18,Withdrawal,8,0,Web,0,0
846,3081.71,Withdrawal,11,0,Web,0,0
847,3514.8,Withdrawal,8,0,Web,0,1
848,1762.12,Withdrawal,2,1,Web,0,1
849,1602.28,Purchase,14,1,Mobile,0,1
850,4447.65,Purchase,6,0,ATM,0,0
851,3683.33,Purchase,10,0,ATM,1,1
852,2146.02,Transfer,16,0,Mobile,0,0
853,2829.73,Transfer,6,0,ATM,0,0
854,1363.01,Transfer,15,0,Web,0,0
855,1879.8,Transfer,1,0,Mobile,0,0
856,503.09,Transfer,9,0,Web,0,0
857,4560.12,Withdrawal,14,0,Mobile,0,0
858,4770.64,Purchase,5,0,ATM,0,0
859,3280.14,Purchase,4,0,ATM,0,0
860,2222.44,Transfer,12,1,Mobile,0,1
861,2884.63,Withdrawal,15,0,Mobile,0,0
862,3654.75,Transfer,17,0,Mobile,0,1
863,4073.79,Transfer,11,0,Web,0,0
864,2876.24,Transfer,17,0,Mobile,0,0
865,3161.92,Withdrawal,8,0,ATM,0,0
866,1049.58,Withdrawal,17,0,Web,1,1
867,2942.65,Withdrawal,1,0,ATM,0,0
868,3284.78,Purchase,11,0,Web,0,1
869,4514.42,Purchase,9,0,Mobile,0,1
870,4368.06,Withdrawal,13,0,Web,1,1
871,1771.78,Transfer,11,0,Mobile,0,0
872,3489.46,Transfer,4,0,ATM,1,1
873,2684.19,Withdrawal,2,0,ATM,0,0
874,1317.24,Transfer,11,0,Mobile,0,0
875,3976.52,Transfer,18,0,Web,0,1
876,3545.89,Withdrawal,8,1,Web,1,1
877,869.39,Transfer,13,0,Mobile,0,0
878,4189.25,Withdrawal,17,0,ATM,0,0
879,4027.98,Purchase,2,0,Web,0,0
880,2977.01,Purchase,13,0,Web,0,0
881,78.76,Transfer,15,0,ATM,1,1
882,3455.31,Withdrawal,15,0,ATM,0,0
883,864.43,Withdrawal,15,0,Web,0,0
884,4016.12,Withdrawal,3,0,ATM,0,1
885,824.1,Withdrawal,10,1,ATM,0,1
886,3201.08,Transfer,1,0,ATM,0,0
887,805.64,Transfer,19,0,ATM,0,0
888,2431.65,Purchase,2,0,ATM,0,0
889,2787.66,Purchase,13,0,Mobile,0,0
890,3632.01,Purchase,14,0,Mobile,0,1
891,108.63,Withdrawal,11,1,Mobile,0,0
892,2399.8,Purchase,14,0,ATM,0,0
893,3031.12,Withdrawal,9,0,ATM,0,1
894,2552.5,Withdrawal,19,0,ATM,1,1
895,2719.96,Withdrawal,1,0,Web,0,0
896,2371.85,Purchase,2,0,Mobile,0,0
897,2217.64,Withdrawal,17,0,ATM,0,0
898,4157.87,Purchase,3,0,ATM,0,0
899,4605.19,Purchase,9,0,Web,0,1
900,2681.82,Purchase,17,0,Mobile,0,0
901,4305.48,Purchase,5,0,Web,0,0
902,1682.59,Purchase,14,1,Web,0,0
903,2404.36,Withdrawal,3,0,ATM,0,0
904,452.23,Withdrawal,11,1,Web,0,0
905,4958.79,Purchase,14,1,Mobile,0,0
906,1612.11,Purchase,4,0,Mobile,0,0
907,2216.7,Transfer,6,1,Mobile,0,1
908,4614.56,Purchase,3,0,Web,0,0
909,1846.37,Transfer,13,0,Web,0,0
910,4619.16,Purchase,12,0,Web,0,0
911,4526.57,Transfer,3,0,ATM,0,0
912,781.25,Purchase,9,0,Mobile,0,0
913,3429.78,Purchase,16,0,ATM,0,0
914,2235.62,Purchase,12,0,Web,0,0
915,3132.29,Purchase,17,0,Mobile,0,0
916,3931.16,Withdrawal,6,0,Mobile,0,0
917,2861.19,Purchase,16,0,Mobile,0,0
918,912.64,Withdrawal,3,0,ATM,1,1
919,3513.03,Purchase,7,1,ATM,0,1
920,2139.64,Transfer,14,0,Mobile,0,0
921,2979.75,Purchase,12,1,Web,0,0
922,4893.07,Purchase,12,1,Mobile,0,1
923,236.06,Purchase,7,0,ATM,0,0
924,485.91,Transfer,16,0,ATM,0,0
925,1723.3,Purchase,7,0,ATM,0,0
926,2171.39,Purchase,17,0,Web,0,0
927,3973.45,Withdrawal,7,1,Mobile,0,1
928,4704.0,Withdrawal,5,0,Web,0,0
929,69.68,Transfer,4,1,ATM,0,0
930,1981.32,Transfer,9,0,ATM,0,0
931,4609.77,Transfer,17,0,ATM,1,1
932,2150.46,Withdrawal,18,1,ATM,0,0
933,770.01,Withdrawal,16,0,Web,0,0
934,1607.37,Transfer,11,0,Web,0,0
935,4908.85,Withdrawal,19,0,Web,0,1
936,2994.03,Purchase,5,0,ATM,0,0
937,4041.26,Purchase,4,0,Web,0,0
938,473.7,Transfer,15,0,Web,0,0
939,4479.91,Purchase,3,0,ATM,0,1
940,2539.98,Transfer,11,0,Web,0,0
941,1689.58,Withdrawal,6,0,ATM,1,1
942,1670.77,Withdrawal,4,1,ATM,0,1
943,2916.58,Purchase,6,1,Mobile,0,0
944,334.99,Purchase,17,0,Web,0,0
945,4090.97,Transfer,1,0,Mobile,0,1
946,1726.15,Purchase,10,0,Mobile,0,0
947,4380.54,Transfer,2,0,Mobile,0,0
948,1921.95,Purchase,16,0,Web,0,0
949,3042.5,Transfer,12,0,ATM,0,0
950,3850.76,Withdrawal,6,0,Web,0,0
951,2967.52,Purchase,3,0,ATM,0,0
952,2947.5,Purchase,9,1,Mobile,0,0
953,4210.57,Purchase,3,0,ATM,0,0
954,465.34,Withdrawal,11,0,Mobile,0,0
955,844.71,Purchase,5,0,Web,0,0
956,1524.27,Withdrawal,9,1,Web,0,1
957,2643.65,Transfer,6,0,ATM,0,0
958,3019.64,Purchase,8,0,Web,0,0
959,2212.8,Purchase,8,0,ATM,0,0
960,1184.94,Purchase,16,0,Web,0,0
961,512.21,Transfer,8,1,Web,0,0
962,3203.71,Purchase,17,0,Web,0,0
963,3429.52,Purchase,18,1,Mobile,0,1
964,3027.68,Withdrawal,5,0,Mobile,0,0
965,4644.03,Withdrawal,16,1,Web,0,0
966,2907.67,Withdrawal,7,0,ATM,0,0
967,4631.53,Transfer,17,0,Mobile,0,0
968,2975.92,Transfer,13,0,Mobile,0,0
969,2742.52,Purchase,8,1,Mobile,1,1
970,4124.76,Purchase,7,0,ATM,1,1
971,3634.37,Purchase,11,0,Web,0,0
972,471.1,Withdrawal,6,0,Web,0,0
973,3935.12,Purchase,8,1,ATM,0,0
974,3853.83,Transfer,5,1,ATM,0,1
975,518.29,Withdrawal,2,1,Web,0,0
976,2932.34,Transfer,3,0,ATM,0,0
977,3976.41,Withdrawal,2,0,ATM,0,0
978,4630.52,Transfer,11,0,Web,0,0
979,4701.54,Transfer,2,0,Mobile,0,0
980,4842.44,Transfer,13,0,Web,0,0
981,4583.42,Purchase,7,0,Web,0,0
982,3243.11,Withdrawal,6,1,Web,0,1
983,3126.18,Transfer,10,0,Web,0,0
984,4272.62,Purchase,11,0,Web,0,0
985,4671.64,Transfer,5,0,Web,0,0
986,2678.71,Withdrawal,17,0,Web,0,0
987,244.78,Purchase,12,1,ATM,0,0
988,4598.66,Purchase,17,0,Mobile,0,0
989,1078.37,Transfer,16,0,Web,1,0
990,426.02,Withdrawal,3,0,Web,0,0
991,4967.22,Withdrawal,8,0,Web,0,0
992,4415.33,Withdrawal,15,0,Web,0,1
993,1383.86,Withdrawal,9,0,Mobile,0,0
994,525.74,Withdrawal,13,0,ATM,0,0
995,2227.73,Transfer,2,0,Web,0,0
996,1164.1,Transfer,8,0,Mobile,0,0
997,4192.61,Withdrawal,19,0,Mobile,0,1
998,3336.33,Withdrawal,19,0,Mobile,0,0
999,4137.3,Purchase,10,0,Mobile,0,0
1000,3184.79,Transfer,4,0,Web,0,0
